model,predicted_label,text,clean_text,airline,confidence
TF-IDF + Logistic Regression,positive,@AmericanAir thanks!,usertoken thanks,American,0.6676
TF-IDF + Logistic Regression,positive,@united that's what I thought! Thanks for the clarification!,usertoken that is what i thought thanks for the clarification,United,0.6806
TF-IDF + Logistic Regression,negative,@SouthwestAir no her lunch was over by the time she got her call answered,usertoken no her lunch was over by the time she got her call answered,Southwest,0.6654
TF-IDF + Logistic Regression,negative,@SouthwestAir I will not have my passport in time for my trip. Could I still fly with photo ID? #thingsishouldknow #ifeeldumb,usertoken i will not have my passport in time for my trip could i still fly with photo id thingsishouldknow ifeeldumb,Southwest,1.0
TF-IDF + Logistic Regression,positive,@united we will be at the airport first thing in the morning,usertoken we will be at the airport first thing in the morning,United,0.6632
TF-IDF + Logistic Regression,positive,@united hey I left my favorite blanket on the plane bring it back home to me:-(,usertoken hey i left my favorite blanket on the plane bring it back home to me,United,0.6511
TF-IDF + Logistic Regression,positive,@JetBlue such a bummer.  But I understand it's a business deal. Thanks for answering me!  Much less sad now.,usertoken such a bummer but i understand it is a business deal thanks for answering me much less sad now,Delta,1.0
TF-IDF + Logistic Regression,positive,@JetBlue you're taking me to New Orleans in two weeks so I'll picture that while I shiver #forevercold,usertoken you are taking me to new orleans in two weeks so i will picture that while i shiver forevercold,Delta,0.6462
TF-IDF + Logistic Regression,negative,@JetBlue all up to date. Can't update via Google play.,usertoken all up to date cannot update via google play,Delta,1.0
TF-IDF + Logistic Regression,negative,"@AmericanAir travel week, delays, Cancelled Flightlations, ""if you want to learn more about the merger press 1"", delay my connector in Chicago #deice",usertoken travel week delays cancelled flightlations if you want to learn more about the merger press numbertoken delay my connector in chicago deice,American,1.0
TF-IDF + Logistic Regression,negative,@USAirways I'm shutting my data off for the flight. I want some response by the time I land.  You have 2 hours.,usertoken i am shutting my data off for the flight i want some response by the time i land you have numbertoken hours,US Airways,1.0
TF-IDF + Logistic Regression,negative,@AmericanAir Do you have any sort of live chat feature? We're in the UK right now and that call would cost us alot. :(,usertoken do you have any sort of live chat feature we are in the uk right now and that call would cost us alot,American,0.6424
TF-IDF + Logistic Regression,negative,@JetBlue real shit my nigga north don't play around!,usertoken real shit my nigga north do not play around,Delta,0.6503
TF-IDF + Logistic Regression,negative,@AmericanAir You're right. Someone is up to something...,usertoken you are right someone is up to something,American,1.0
TF-IDF + Logistic Regression,positive,Thx! Stand by! “@united: @rajuchinthala I know it's frustrating and I do appreciate your patience while we try to get you on your way. ^JH”,thx stand by usertoken usertoken i know it is frustrating and i do appreciate your patience while we try to get you on your way jh,United,0.6631
TF-IDF + Logistic Regression,negative,@SouthwestAir IM NOT THO 😭😭💔💔💔💔💔💔💔,usertoken im not tho,Southwest,1.0
TF-IDF + Logistic Regression,negative,@united First Officer of UA 1514 checking our 757 prior to departure from EWR yesterday while on his cell. Safety ??? http://t.co/1TFH2v0a7z,usertoken first officer of ua numbertoken checking our numbertoken prior to departure from ewr yesterday while on his cell safety urltoken,United,1.0
TF-IDF + Logistic Regression,positive,"@AmericanAir Thank you, you too!",usertoken thank you you too,American,0.6544
TF-IDF + Logistic Regression,negative,@AmericanAir how does one book a ticket online and put it on hold?  Does that require that I pay for the ticket?,usertoken how does one book a ticket online and put it on hold does that require that i pay for the ticket,American,0.6613
TF-IDF + Logistic Regression,negative,@united did not get names...Dallas flight and Chicago,usertoken did not get names dallas flight and chicago,United,0.6567
TF-IDF + Logistic Regression,negative,@united Flight 1547 CMH to ORD just arrived at gate. Next segment to YVR already boarding. Will they hold it?,usertoken flight numbertoken cmh to ord just arrived at gate next segment to yvr already boarding will they hold it,United,1.0
TF-IDF + Logistic Regression,negative,@VirginAmerica can we make every VX plane with #nerdbird? Why should Austin be the only one getting nerd love?,usertoken can we make every vx plane with nerdbird why should austin be the only one getting nerd love,Virgin America,0.6477
TF-IDF + Logistic Regression,negative,@united - Kids left a kindle fire HD 6 onboard UA1037 (ORD-SFO) today. Row 9ABC-DEF (we had the whole row amongst the 5 of us).  Help...,usertoken kids left a kindle fire hd numbertoken onboard ua numbertoken ord sfo today row numbertoken abc def we had the whole row amongst the numbertoken of us help,United,0.6815
TF-IDF + Logistic Regression,negative,@united this is for a check-in luggage. Employee told me not to include wheels in the dimensions.,usertoken this is for a check in luggage employee told me not to include wheels in the dimensions,United,1.0
TF-IDF + Logistic Regression,positive,@united thanks! Will you guys be getting the A380s anytime soon?,usertoken thanks will you guys be getting the a numbertoken s anytime soon,United,1.0
TF-IDF + Logistic Regression,positive,@SouthwestAir would love to win tickets and take my son to Imagine Dragons in Provo Saturday night.  Crossed fingers. #DestinationDragons,usertoken would love to win tickets and take my son to imagine dragons in provo saturday night crossed fingers destinationdragons,Southwest,0.6974
TF-IDF + Logistic Regression,positive,"@JetBlue Ok great thanks! I had a great flight, FYI. I'm excited to fly again. I just was frustrated I was not able to check in.",usertoken ok great thanks i had a great flight fyi i am excited to fly again i just was frustrated i was not able to check in,Delta,0.3634
TF-IDF + Logistic Regression,positive,@SouthwestAir will do! #heart #flying,usertoken will do heart flying,Southwest,1.0
TF-IDF + Logistic Regression,positive,@JetBlue I would love to Fort Lauderdale now that would cool.,usertoken i would love to fort lauderdale now that would cool,Delta,0.6735
TF-IDF + Logistic Regression,negative,@USAirways really!??,usertoken really,US Airways,1.0
TF-IDF + Logistic Regression,positive,"@SouthwestAir I understand. Wonderful ""Miriam"" in customer service who was able to reroute me... Got any rental car discounts?",usertoken i understand wonderful miriam in customer service who was able to reroute me got any rental car discounts,Southwest,0.3474
TF-IDF + Logistic Regression,positive,@united please be good to me this weekend!,usertoken please be good to me this weekend,United,1.0
TF-IDF + Logistic Regression,negative,@SouthwestAir my flight continues through to Vegas after my stop. Don't be upset if a stowaway.,usertoken my flight continues through to vegas after my stop do not be upset if a stowaway,Southwest,0.3444
TF-IDF + Logistic Regression,negative,@SouthwestAir how can customers get in touch with you internationally from Mexico for lost baggage,usertoken how can customers get in touch with you internationally from mexico for lost baggage,Southwest,0.6447
TF-IDF + Logistic Regression,positive,@SouthwestAir OMG OMG OMG !!! I JUST DID!!,usertoken omg omg omg i just did,Southwest,1.0
TF-IDF + Logistic Regression,negative,@VirginAmerica they told to check with the airline regulation first so that is why I contacted you.,usertoken they told to check with the airline regulation first so that is why i contacted you,Virgin America,0.6791
TF-IDF + Logistic Regression,negative,@USAirways The help/complaint forms on the website can be used only if the matter applies to an actual ticketed flight,usertoken the help complaint forms on the website can be used only if the matter applies to an actual ticketed flight,US Airways,0.6556
TF-IDF + Logistic Regression,positive,"@USAirways Yes, it was Sunday.",usertoken yes it was sunday,US Airways,0.6890000000000001
TF-IDF + Logistic Regression,negative,"@JetBlue Indeed. I don't know what's going on in Pittsburgh that weekend, but, it's drawing a crowd via JetBlue!",usertoken indeed i do not know what is going on in pittsburgh that weekend but it is drawing a crowd via jetblue,Delta,1.0
TF-IDF + Logistic Regression,negative,@JetBlue probably not anymore.,usertoken probably not anymore,Delta,0.6588
TF-IDF + ANN,positive,@AmericanAir thanks!,usertoken thanks,American,0.6676
TF-IDF + ANN,positive,@united that's what I thought! Thanks for the clarification!,usertoken that is what i thought thanks for the clarification,United,0.6806
TF-IDF + ANN,positive,@united hey I left my favorite blanket on the plane bring it back home to me:-(,usertoken hey i left my favorite blanket on the plane bring it back home to me,United,0.6511
TF-IDF + ANN,negative,@JetBlue such a bummer.  But I understand it's a business deal. Thanks for answering me!  Much less sad now.,usertoken such a bummer but i understand it is a business deal thanks for answering me much less sad now,Delta,1.0
TF-IDF + ANN,positive,@JetBlue you're taking me to New Orleans in two weeks so I'll picture that while I shiver #forevercold,usertoken you are taking me to new orleans in two weeks so i will picture that while i shiver forevercold,Delta,0.6462
TF-IDF + ANN,negative,@JetBlue all up to date. Can't update via Google play.,usertoken all up to date cannot update via google play,Delta,1.0
TF-IDF + ANN,negative,"@AmericanAir travel week, delays, Cancelled Flightlations, ""if you want to learn more about the merger press 1"", delay my connector in Chicago #deice",usertoken travel week delays cancelled flightlations if you want to learn more about the merger press numbertoken delay my connector in chicago deice,American,1.0
TF-IDF + ANN,negative,@USAirways I'm shutting my data off for the flight. I want some response by the time I land.  You have 2 hours.,usertoken i am shutting my data off for the flight i want some response by the time i land you have numbertoken hours,US Airways,1.0
TF-IDF + ANN,negative,@AmericanAir Do you have any sort of live chat feature? We're in the UK right now and that call would cost us alot. :(,usertoken do you have any sort of live chat feature we are in the uk right now and that call would cost us alot,American,0.6424
TF-IDF + ANN,negative,@JetBlue real shit my nigga north don't play around!,usertoken real shit my nigga north do not play around,Delta,0.6503
TF-IDF + ANN,negative,@AmericanAir You're right. Someone is up to something...,usertoken you are right someone is up to something,American,1.0
TF-IDF + ANN,positive,Thx! Stand by! “@united: @rajuchinthala I know it's frustrating and I do appreciate your patience while we try to get you on your way. ^JH”,thx stand by usertoken usertoken i know it is frustrating and i do appreciate your patience while we try to get you on your way jh,United,0.6631
TF-IDF + ANN,negative,@united First Officer of UA 1514 checking our 757 prior to departure from EWR yesterday while on his cell. Safety ??? http://t.co/1TFH2v0a7z,usertoken first officer of ua numbertoken checking our numbertoken prior to departure from ewr yesterday while on his cell safety urltoken,United,1.0
TF-IDF + ANN,positive,"@AmericanAir Thank you, you too!",usertoken thank you you too,American,0.6544
TF-IDF + ANN,positive,"@JetBlue yes, but it hurt my feelings to walk by MINT. A fella can dream. #happy4them",usertoken yes but it hurt my feelings to walk by mint a fella can dream happy numbertoken them,Delta,0.6667
TF-IDF + ANN,negative,@AmericanAir how does one book a ticket online and put it on hold?  Does that require that I pay for the ticket?,usertoken how does one book a ticket online and put it on hold does that require that i pay for the ticket,American,0.6613
TF-IDF + ANN,negative,@united Flight 1547 CMH to ORD just arrived at gate. Next segment to YVR already boarding. Will they hold it?,usertoken flight numbertoken cmh to ord just arrived at gate next segment to yvr already boarding will they hold it,United,1.0
TF-IDF + ANN,negative,@united - Kids left a kindle fire HD 6 onboard UA1037 (ORD-SFO) today. Row 9ABC-DEF (we had the whole row amongst the 5 of us).  Help...,usertoken kids left a kindle fire hd numbertoken onboard ua numbertoken ord sfo today row numbertoken abc def we had the whole row amongst the numbertoken of us help,United,0.6815
TF-IDF + ANN,negative,@united this is for a check-in luggage. Employee told me not to include wheels in the dimensions.,usertoken this is for a check in luggage employee told me not to include wheels in the dimensions,United,1.0
TF-IDF + ANN,positive,@united thanks! Will you guys be getting the A380s anytime soon?,usertoken thanks will you guys be getting the a numbertoken s anytime soon,United,1.0
TF-IDF + ANN,positive,"@JetBlue Ok great thanks! I had a great flight, FYI. I'm excited to fly again. I just was frustrated I was not able to check in.",usertoken ok great thanks i had a great flight fyi i am excited to fly again i just was frustrated i was not able to check in,Delta,0.3634
TF-IDF + ANN,negative,@JetBlue Help - I left my Nikon camera under the seat in front of me. What do I do?,usertoken help i left my nikon camera under the seat in front of me what do i do,Delta,1.0
TF-IDF + ANN,positive,@SouthwestAir will do! #heart #flying,usertoken will do heart flying,Southwest,1.0
TF-IDF + ANN,positive,@JetBlue I would love to Fort Lauderdale now that would cool.,usertoken i would love to fort lauderdale now that would cool,Delta,0.6735
TF-IDF + ANN,negative,@USAirways really!??,usertoken really,US Airways,1.0
TF-IDF + ANN,positive,"@SouthwestAir I understand. Wonderful ""Miriam"" in customer service who was able to reroute me... Got any rental car discounts?",usertoken i understand wonderful miriam in customer service who was able to reroute me got any rental car discounts,Southwest,0.3474
TF-IDF + ANN,positive,@united please be good to me this weekend!,usertoken please be good to me this weekend,United,1.0
TF-IDF + ANN,negative,@SouthwestAir my flight continues through to Vegas after my stop. Don't be upset if a stowaway.,usertoken my flight continues through to vegas after my stop do not be upset if a stowaway,Southwest,0.3444
TF-IDF + ANN,positive,@SouthwestAir OMG OMG OMG !!! I JUST DID!!,usertoken omg omg omg i just did,Southwest,1.0
TF-IDF + ANN,negative,"@VirginAmerica - can you tweet me the Cancelled Flight/chng fee for a flight? or can I rebook under one of your affiliates? If so, who are afiliates?",usertoken can you tweet me the cancelled flight chng fee for a flight or can i rebook under one of your affiliates if so who are afiliates,Virgin America,0.6559
TF-IDF + ANN,negative,@VirginAmerica they told to check with the airline regulation first so that is why I contacted you.,usertoken they told to check with the airline regulation first so that is why i contacted you,Virgin America,0.6791
TF-IDF + ANN,negative,@USAirways The help/complaint forms on the website can be used only if the matter applies to an actual ticketed flight,usertoken the help complaint forms on the website can be used only if the matter applies to an actual ticketed flight,US Airways,0.6556
TF-IDF + ANN,positive,"@USAirways Yes, it was Sunday.",usertoken yes it was sunday,US Airways,0.6890000000000001
TF-IDF + ANN,negative,@JetBlue probably not anymore.,usertoken probably not anymore,Delta,0.6588
TF-IDF + ANN,positive,@JetBlue I'm so ready to see N598JB n N775JB on my Island but on a weekend to capture it,usertoken i am so ready to see n numbertoken jb n n numbertoken jb on my island but on a weekend to capture it,Delta,1.0
TF-IDF + ANN,negative,@united I need a customer service manager to contact me please,usertoken i need a customer service manager to contact me please,United,0.6204
TF-IDF + ANN,positive,@JetBlue oh. Makes sense. My bad.,usertoken oh makes sense my bad,Delta,0.3363
TF-IDF + ANN,positive,@united flight...gotta make this connector,usertoken flight gotta make this connector,United,1.0
TF-IDF + ANN,negative,@united it sucks not having the money to book a flight to see the love of my life. 2600 miles away.,usertoken it sucks not having the money to book a flight to see the love of my life numbertoken miles away,United,0.6768
TF-IDF + ANN,positive,"@united Okay, thank you both.",usertoken okay thank you both,United,0.6862
Word2Vec + CNN,positive,@AmericanAir thanks!,usertoken thanks,American,0.6676
Word2Vec + CNN,positive,@united that's what I thought! Thanks for the clarification!,usertoken that is what i thought thanks for the clarification,United,0.6806
Word2Vec + CNN,negative,@SouthwestAir no her lunch was over by the time she got her call answered,usertoken no her lunch was over by the time she got her call answered,Southwest,0.6654
Word2Vec + CNN,negative,@VirginAmerica Grand Budapest Hotel #OscarsCountdown,usertoken grand budapest hotel oscarscountdown,Virgin America,1.0
Word2Vec + CNN,positive,@SouthwestAir Pls Help Baby Hannah get the life saving surgeries she requires.She needs your help.Pls Donate/RT http://t.co/v4ZVUGMkJw,usertoken pls help baby hannah get the life saving surgeries she requires she needs your help pls donate rt urltoken,Southwest,1.0
Word2Vec + CNN,positive,@JetBlue such a bummer.  But I understand it's a business deal. Thanks for answering me!  Much less sad now.,usertoken such a bummer but i understand it is a business deal thanks for answering me much less sad now,Delta,1.0
Word2Vec + CNN,positive,@united how much does it cost to check in an additional bag? Traveling from newark to glasgow. Thank you :),usertoken how much does it cost to check in an additional bag traveling from newark to glasgow thank you,United,1.0
Word2Vec + CNN,positive,@JetBlue you're taking me to New Orleans in two weeks so I'll picture that while I shiver #forevercold,usertoken you are taking me to new orleans in two weeks so i will picture that while i shiver forevercold,Delta,0.6462
Word2Vec + CNN,positive,"@VirginAmerica Or watch some of the best student films in the country at 35,000 feet! #CMFat35000feet http://t.co/KEK5pDMGiF",usertoken or watch some of the best student films in the country at numbertoken numbertoken feet cmfat numbertoken feet urltoken,Virgin America,1.0
Word2Vec + CNN,negative,@SouthwestAir when can we expect customer service in Dallas to be available,usertoken when can we expect customer service in dallas to be available,Southwest,0.6694
Word2Vec + CNN,negative,@southwestair I have a roundtrip ticket now and I need to change one leg of the trip (to a nearby airport) - not possible via website?,usertoken i have a roundtrip ticket now and i need to change one leg of the trip to a nearby airport not possible via website,Southwest,1.0
Word2Vec + CNN,negative,@JetBlue all up to date. Can't update via Google play.,usertoken all up to date cannot update via google play,Delta,1.0
Word2Vec + CNN,negative,"@AmericanAir travel week, delays, Cancelled Flightlations, ""if you want to learn more about the merger press 1"", delay my connector in Chicago #deice",usertoken travel week delays cancelled flightlations if you want to learn more about the merger press numbertoken delay my connector in chicago deice,American,1.0
Word2Vec + CNN,negative,@USAirways I'm shutting my data off for the flight. I want some response by the time I land.  You have 2 hours.,usertoken i am shutting my data off for the flight i want some response by the time i land you have numbertoken hours,US Airways,1.0
Word2Vec + CNN,negative,@AmericanAir Do you have any sort of live chat feature? We're in the UK right now and that call would cost us alot. :(,usertoken do you have any sort of live chat feature we are in the uk right now and that call would cost us alot,American,0.6424
Word2Vec + CNN,negative,@JetBlue real shit my nigga north don't play around!,usertoken real shit my nigga north do not play around,Delta,0.6503
Word2Vec + CNN,positive,Thx! Stand by! “@united: @rajuchinthala I know it's frustrating and I do appreciate your patience while we try to get you on your way. ^JH”,thx stand by usertoken usertoken i know it is frustrating and i do appreciate your patience while we try to get you on your way jh,United,0.6631
Word2Vec + CNN,positive,"@AmericanAir Thank you, you too!",usertoken thank you you too,American,0.6544
Word2Vec + CNN,negative,@AmericanAir how does one book a ticket online and put it on hold?  Does that require that I pay for the ticket?,usertoken how does one book a ticket online and put it on hold does that require that i pay for the ticket,American,0.6613
Word2Vec + CNN,negative,@united Flight 1547 CMH to ORD just arrived at gate. Next segment to YVR already boarding. Will they hold it?,usertoken flight numbertoken cmh to ord just arrived at gate next segment to yvr already boarding will they hold it,United,1.0
Word2Vec + CNN,positive,"@united Alright, thank you. Is there a page that says the routes you have for each aircraft? Specifically the 787.",usertoken alright thank you is there a page that says the routes you have for each aircraft specifically the numbertoken,United,1.0
Word2Vec + CNN,negative,@AmericanAir forgot to select my ksml on my flight to LA and it's a few minutes under the 24 hour mark. Is there any way to change it?,usertoken forgot to select my ksml on my flight to la and it is a few minutes under the numbertoken hour mark is there any way to change it,American,1.0
Word2Vec + CNN,negative,"@united Not waiving change fees with the snow storm coming tomorrow? IAD is under Winter Storm warning tomorrow already, what's up?",usertoken not waiving change fees with the snow storm coming tomorrow iad is under winter storm warning tomorrow already what is up,United,0.6491
Word2Vec + CNN,negative,@united this is for a check-in luggage. Employee told me not to include wheels in the dimensions.,usertoken this is for a check in luggage employee told me not to include wheels in the dimensions,United,1.0
Word2Vec + CNN,positive,@united thanks! Will you guys be getting the A380s anytime soon?,usertoken thanks will you guys be getting the a numbertoken s anytime soon,United,1.0
Word2Vec + CNN,positive,"@JetBlue Ok great thanks! I had a great flight, FYI. I'm excited to fly again. I just was frustrated I was not able to check in.",usertoken ok great thanks i had a great flight fyi i am excited to fly again i just was frustrated i was not able to check in,Delta,0.3634
Word2Vec + CNN,positive,@SouthwestAir planning a family trip to Orlando in May and trying to figure out when to book to get the best rate. Any Suggestions?,usertoken planning a family trip to orlando in may and trying to figure out when to book to get the best rate any suggestions,Southwest,1.0
Word2Vec + CNN,positive,@JetBlue I would love to Fort Lauderdale now that would cool.,usertoken i would love to fort lauderdale now that would cool,Delta,0.6735
Word2Vec + CNN,positive,"@SouthwestAir I understand. Wonderful ""Miriam"" in customer service who was able to reroute me... Got any rental car discounts?",usertoken i understand wonderful miriam in customer service who was able to reroute me got any rental car discounts,Southwest,0.3474
Word2Vec + CNN,positive,@JetBlue Our non-profit ARC would love tickets as we rely on airlines for extractions in saving abducted children and returning them Home!,usertoken our non profit arc would love tickets as we rely on airlines for extractions in saving abducted children and returning them home,Delta,1.0
Word2Vec + CNN,negative,@SouthwestAir my flight continues through to Vegas after my stop. Don't be upset if a stowaway.,usertoken my flight continues through to vegas after my stop do not be upset if a stowaway,Southwest,0.3444
Word2Vec + CNN,negative,@SouthwestAir how can customers get in touch with you internationally from Mexico for lost baggage,usertoken how can customers get in touch with you internationally from mexico for lost baggage,Southwest,0.6447
Word2Vec + CNN,positive,@SouthwestAir @Vindictive_tK Larry David works for southwest?,usertoken usertoken larry david works for southwest,Southwest,1.0
Word2Vec + CNN,positive,@SouthwestAir OMG OMG OMG !!! I JUST DID!!,usertoken omg omg omg i just did,Southwest,1.0
Word2Vec + CNN,negative,"@VirginAmerica - can you tweet me the Cancelled Flight/chng fee for a flight? or can I rebook under one of your affiliates? If so, who are afiliates?",usertoken can you tweet me the cancelled flight chng fee for a flight or can i rebook under one of your affiliates if so who are afiliates,Virgin America,0.6559
Word2Vec + CNN,negative,@VirginAmerica they told to check with the airline regulation first so that is why I contacted you.,usertoken they told to check with the airline regulation first so that is why i contacted you,Virgin America,0.6791
Word2Vec + CNN,negative,@USAirways The help/complaint forms on the website can be used only if the matter applies to an actual ticketed flight,usertoken the help complaint forms on the website can be used only if the matter applies to an actual ticketed flight,US Airways,0.6556
Word2Vec + CNN,negative,@AmericanAir I know this is probably a no but is there a way to get a cheaper airfare ticket if the flight is leaving in a few hours? 🙏,usertoken i know this is probably a no but is there a way to get a cheaper airfare ticket if the flight is leaving in a few hours,American,1.0
Word2Vec + CNN,negative,@JetBlue probably not anymore.,usertoken probably not anymore,Delta,0.6588
Word2Vec + CNN,negative,@united Currently on standby to Lax then it is a 2 hour ride to Palm Springs. Long day starting at a snowy 3:30 am in philly.,usertoken currently on standby to lax then it is a numbertoken hour ride to palm springs long day starting at a snowy numbertoken numbertoken am in philly,United,1.0
Word2Vec + BiLSTM,positive,@AmericanAir thanks!,usertoken thanks,American,0.6676
Word2Vec + BiLSTM,negative,@SouthwestAir no her lunch was over by the time she got her call answered,usertoken no her lunch was over by the time she got her call answered,Southwest,0.6654
Word2Vec + BiLSTM,negative,@JetBlue such a bummer.  But I understand it's a business deal. Thanks for answering me!  Much less sad now.,usertoken such a bummer but i understand it is a business deal thanks for answering me much less sad now,Delta,1.0
Word2Vec + BiLSTM,positive,@JetBlue you're taking me to New Orleans in two weeks so I'll picture that while I shiver #forevercold,usertoken you are taking me to new orleans in two weeks so i will picture that while i shiver forevercold,Delta,0.6462
Word2Vec + BiLSTM,negative,@JetBlue all up to date. Can't update via Google play.,usertoken all up to date cannot update via google play,Delta,1.0
Word2Vec + BiLSTM,negative,"@AmericanAir travel week, delays, Cancelled Flightlations, ""if you want to learn more about the merger press 1"", delay my connector in Chicago #deice",usertoken travel week delays cancelled flightlations if you want to learn more about the merger press numbertoken delay my connector in chicago deice,American,1.0
Word2Vec + BiLSTM,negative,@USAirways I'm shutting my data off for the flight. I want some response by the time I land.  You have 2 hours.,usertoken i am shutting my data off for the flight i want some response by the time i land you have numbertoken hours,US Airways,1.0
Word2Vec + BiLSTM,negative,@AmericanAir Do you have any sort of live chat feature? We're in the UK right now and that call would cost us alot. :(,usertoken do you have any sort of live chat feature we are in the uk right now and that call would cost us alot,American,0.6424
Word2Vec + BiLSTM,negative,@JetBlue real shit my nigga north don't play around!,usertoken real shit my nigga north do not play around,Delta,0.6503
Word2Vec + BiLSTM,positive,Thx! Stand by! “@united: @rajuchinthala I know it's frustrating and I do appreciate your patience while we try to get you on your way. ^JH”,thx stand by usertoken usertoken i know it is frustrating and i do appreciate your patience while we try to get you on your way jh,United,0.6631
Word2Vec + BiLSTM,positive,"@AmericanAir Thank you, you too!",usertoken thank you you too,American,0.6544
Word2Vec + BiLSTM,negative,@AmericanAir how does one book a ticket online and put it on hold?  Does that require that I pay for the ticket?,usertoken how does one book a ticket online and put it on hold does that require that i pay for the ticket,American,0.6613
Word2Vec + BiLSTM,negative,@united Flight 1547 CMH to ORD just arrived at gate. Next segment to YVR already boarding. Will they hold it?,usertoken flight numbertoken cmh to ord just arrived at gate next segment to yvr already boarding will they hold it,United,1.0
Word2Vec + BiLSTM,negative,"@united Not waiving change fees with the snow storm coming tomorrow? IAD is under Winter Storm warning tomorrow already, what's up?",usertoken not waiving change fees with the snow storm coming tomorrow iad is under winter storm warning tomorrow already what is up,United,0.6491
Word2Vec + BiLSTM,negative,@united this is for a check-in luggage. Employee told me not to include wheels in the dimensions.,usertoken this is for a check in luggage employee told me not to include wheels in the dimensions,United,1.0
Word2Vec + BiLSTM,positive,@united thanks! Will you guys be getting the A380s anytime soon?,usertoken thanks will you guys be getting the a numbertoken s anytime soon,United,1.0
Word2Vec + BiLSTM,positive,"@JetBlue Ok great thanks! I had a great flight, FYI. I'm excited to fly again. I just was frustrated I was not able to check in.",usertoken ok great thanks i had a great flight fyi i am excited to fly again i just was frustrated i was not able to check in,Delta,0.3634
Word2Vec + BiLSTM,positive,"@SouthwestAir I understand. Wonderful ""Miriam"" in customer service who was able to reroute me... Got any rental car discounts?",usertoken i understand wonderful miriam in customer service who was able to reroute me got any rental car discounts,Southwest,0.3474
Word2Vec + BiLSTM,negative,@SouthwestAir my flight continues through to Vegas after my stop. Don't be upset if a stowaway.,usertoken my flight continues through to vegas after my stop do not be upset if a stowaway,Southwest,0.3444
Word2Vec + BiLSTM,positive,@SouthwestAir OMG OMG OMG !!! I JUST DID!!,usertoken omg omg omg i just did,Southwest,1.0
Word2Vec + BiLSTM,negative,@VirginAmerica they told to check with the airline regulation first so that is why I contacted you.,usertoken they told to check with the airline regulation first so that is why i contacted you,Virgin America,0.6791
Word2Vec + BiLSTM,negative,@USAirways The help/complaint forms on the website can be used only if the matter applies to an actual ticketed flight,usertoken the help complaint forms on the website can be used only if the matter applies to an actual ticketed flight,US Airways,0.6556
Word2Vec + BiLSTM,positive,"@USAirways Yes, it was Sunday.",usertoken yes it was sunday,US Airways,0.6890000000000001
Word2Vec + BiLSTM,negative,@JetBlue probably not anymore.,usertoken probably not anymore,Delta,0.6588
Word2Vec + BiLSTM,negative,@united Currently on standby to Lax then it is a 2 hour ride to Palm Springs. Long day starting at a snowy 3:30 am in philly.,usertoken currently on standby to lax then it is a numbertoken hour ride to palm springs long day starting at a snowy numbertoken numbertoken am in philly,United,1.0
Word2Vec + BiLSTM,negative,@united I need a customer service manager to contact me please,usertoken i need a customer service manager to contact me please,United,0.6204
Word2Vec + BiLSTM,positive,@JetBlue oh. Makes sense. My bad.,usertoken oh makes sense my bad,Delta,0.3363
Word2Vec + BiLSTM,negative,@united it sucks not having the money to book a flight to see the love of my life. 2600 miles away.,usertoken it sucks not having the money to book a flight to see the love of my life numbertoken miles away,United,0.6768
Word2Vec + BiLSTM,positive,"@united Okay, thank you both.",usertoken okay thank you both,United,0.6862
Word2Vec + BiLSTM,negative,@united I got an email from cust. care for an issue I had offering me a voucher. How do I claim that? I emailed back but got no reply. DM me,usertoken i got an email from cust care for an issue i had offering me a voucher how do i claim that i emailed back but got no reply dm me,United,0.6733
Word2Vec + BiLSTM,negative,"@JetBlue if my flight says delayed with estimated departure listed, can I arrive at airport Late Flightr?",usertoken if my flight says delayed with estimated departure listed can i arrive at airport late flightr,Delta,1.0
Word2Vec + BiLSTM,negative,@JetBlue  Not blaming Jet Blue.  This wasn't weather. Can't have planes in the air and runways a mess. That's a disaster waiting to happen.,usertoken not blaming jet blue this was not weather cannot have planes in the air and runways a mess that is a disaster waiting to happen,Delta,0.6753
Word2Vec + BiLSTM,positive,@AmericanAir it looks like a mistake,usertoken it looks like a mistake,American,0.6826
Word2Vec + BiLSTM,negative,@JetBlue ...and when did your legal department start running your social media channels?,usertoken and when did your legal department start running your social media channels,Delta,0.6598
Word2Vec + BiLSTM,positive,@united +the plane.,usertoken the plane,United,1.0
Word2Vec + BiLSTM,negative,.@AmericanAir just disappointed with the Flight Booking Problems process and add’l fees to sit together on a more crowded flight. Not impressed so far :-/.,usertoken just disappointed with the flight booking problems process and addl fees to sit together on a more crowded flight not impressed so far,American,1.0
Word2Vec + BiLSTM,negative,@united hoping to get out earlier than 2/23 (only phone option) or assistance with hotel.,usertoken hoping to get out earlier than numbertoken numbertoken only phone option or assistance with hotel,United,0.6814
Word2Vec + BiLSTM,negative,"@united I am buying 2 yo own seat on 3 legs of intl trip, car seat? Required? If not- then allowed? Can child still sit w/mom after takeoff?",usertoken i am buying numbertoken yo own seat on numbertoken legs of intl trip car seat required if not then allowed can child still sit w mom after takeoff,United,1.0
Word2Vec + BiLSTM,negative,"@united captain ""we apologize for the delay, the company is looking for an open gate (glance starboard side, see 5 open gates)",usertoken captain we apologize for the delay the company is looking for an open gate glance starboard side see numbertoken open gates,United,0.6268
Word2Vec + BiLSTM,positive,"@united OK, thanks for the clarification.",usertoken ok thanks for the clarification,United,0.6202
Word2Vec + BiLSTM Attention,positive,@AmericanAir thanks!,usertoken thanks,American,0.6676
Word2Vec + BiLSTM Attention,positive,@united that's what I thought! Thanks for the clarification!,usertoken that is what i thought thanks for the clarification,United,0.6806
Word2Vec + BiLSTM Attention,negative,@SouthwestAir no her lunch was over by the time she got her call answered,usertoken no her lunch was over by the time she got her call answered,Southwest,0.6654
Word2Vec + BiLSTM Attention,positive,@united hey I left my favorite blanket on the plane bring it back home to me:-(,usertoken hey i left my favorite blanket on the plane bring it back home to me,United,0.6511
Word2Vec + BiLSTM Attention,positive,@JetBlue such a bummer.  But I understand it's a business deal. Thanks for answering me!  Much less sad now.,usertoken such a bummer but i understand it is a business deal thanks for answering me much less sad now,Delta,1.0
Word2Vec + BiLSTM Attention,positive,@JetBlue you're taking me to New Orleans in two weeks so I'll picture that while I shiver #forevercold,usertoken you are taking me to new orleans in two weeks so i will picture that while i shiver forevercold,Delta,0.6462
Word2Vec + BiLSTM Attention,positive,@JetBlue all up to date. Can't update via Google play.,usertoken all up to date cannot update via google play,Delta,1.0
Word2Vec + BiLSTM Attention,negative,"@AmericanAir travel week, delays, Cancelled Flightlations, ""if you want to learn more about the merger press 1"", delay my connector in Chicago #deice",usertoken travel week delays cancelled flightlations if you want to learn more about the merger press numbertoken delay my connector in chicago deice,American,1.0
Word2Vec + BiLSTM Attention,negative,@USAirways I'm shutting my data off for the flight. I want some response by the time I land.  You have 2 hours.,usertoken i am shutting my data off for the flight i want some response by the time i land you have numbertoken hours,US Airways,1.0
Word2Vec + BiLSTM Attention,negative,@AmericanAir Do you have any sort of live chat feature? We're in the UK right now and that call would cost us alot. :(,usertoken do you have any sort of live chat feature we are in the uk right now and that call would cost us alot,American,0.6424
Word2Vec + BiLSTM Attention,negative,@JetBlue real shit my nigga north don't play around!,usertoken real shit my nigga north do not play around,Delta,0.6503
Word2Vec + BiLSTM Attention,positive,Thx! Stand by! “@united: @rajuchinthala I know it's frustrating and I do appreciate your patience while we try to get you on your way. ^JH”,thx stand by usertoken usertoken i know it is frustrating and i do appreciate your patience while we try to get you on your way jh,United,0.6631
Word2Vec + BiLSTM Attention,negative,@SouthwestAir IM NOT THO 😭😭💔💔💔💔💔💔💔,usertoken im not tho,Southwest,1.0
Word2Vec + BiLSTM Attention,positive,"@AmericanAir Thank you, you too!",usertoken thank you you too,American,0.6544
Word2Vec + BiLSTM Attention,negative,@AmericanAir how does one book a ticket online and put it on hold?  Does that require that I pay for the ticket?,usertoken how does one book a ticket online and put it on hold does that require that i pay for the ticket,American,0.6613
Word2Vec + BiLSTM Attention,negative,@united Flight 1547 CMH to ORD just arrived at gate. Next segment to YVR already boarding. Will they hold it?,usertoken flight numbertoken cmh to ord just arrived at gate next segment to yvr already boarding will they hold it,United,1.0
Word2Vec + BiLSTM Attention,positive,@VirginAmerica can we make every VX plane with #nerdbird? Why should Austin be the only one getting nerd love?,usertoken can we make every vx plane with nerdbird why should austin be the only one getting nerd love,Virgin America,0.6477
Word2Vec + BiLSTM Attention,negative,@united - Kids left a kindle fire HD 6 onboard UA1037 (ORD-SFO) today. Row 9ABC-DEF (we had the whole row amongst the 5 of us).  Help...,usertoken kids left a kindle fire hd numbertoken onboard ua numbertoken ord sfo today row numbertoken abc def we had the whole row amongst the numbertoken of us help,United,0.6815
Word2Vec + BiLSTM Attention,positive,"@united Alright, thank you. Is there a page that says the routes you have for each aircraft? Specifically the 787.",usertoken alright thank you is there a page that says the routes you have for each aircraft specifically the numbertoken,United,1.0
Word2Vec + BiLSTM Attention,negative,@united this is for a check-in luggage. Employee told me not to include wheels in the dimensions.,usertoken this is for a check in luggage employee told me not to include wheels in the dimensions,United,1.0
Word2Vec + BiLSTM Attention,positive,@united thanks! Will you guys be getting the A380s anytime soon?,usertoken thanks will you guys be getting the a numbertoken s anytime soon,United,1.0
Word2Vec + BiLSTM Attention,positive,"@JetBlue Ok great thanks! I had a great flight, FYI. I'm excited to fly again. I just was frustrated I was not able to check in.",usertoken ok great thanks i had a great flight fyi i am excited to fly again i just was frustrated i was not able to check in,Delta,0.3634
Word2Vec + BiLSTM Attention,positive,@JetBlue I would love to Fort Lauderdale now that would cool.,usertoken i would love to fort lauderdale now that would cool,Delta,0.6735
Word2Vec + BiLSTM Attention,positive,@USAirways really!??,usertoken really,US Airways,1.0
Word2Vec + BiLSTM Attention,positive,"@SouthwestAir I understand. Wonderful ""Miriam"" in customer service who was able to reroute me... Got any rental car discounts?",usertoken i understand wonderful miriam in customer service who was able to reroute me got any rental car discounts,Southwest,0.3474
Word2Vec + BiLSTM Attention,positive,@united please be good to me this weekend!,usertoken please be good to me this weekend,United,1.0
Word2Vec + BiLSTM Attention,negative,@SouthwestAir my flight continues through to Vegas after my stop. Don't be upset if a stowaway.,usertoken my flight continues through to vegas after my stop do not be upset if a stowaway,Southwest,0.3444
Word2Vec + BiLSTM Attention,negative,@SouthwestAir how can customers get in touch with you internationally from Mexico for lost baggage,usertoken how can customers get in touch with you internationally from mexico for lost baggage,Southwest,0.6447
Word2Vec + BiLSTM Attention,positive,@SouthwestAir OMG OMG OMG !!! I JUST DID!!,usertoken omg omg omg i just did,Southwest,1.0
Word2Vec + BiLSTM Attention,negative,@VirginAmerica they told to check with the airline regulation first so that is why I contacted you.,usertoken they told to check with the airline regulation first so that is why i contacted you,Virgin America,0.6791
Word2Vec + BiLSTM Attention,positive,"@USAirways Yes, it was Sunday.",usertoken yes it was sunday,US Airways,0.6890000000000001
Word2Vec + BiLSTM Attention,negative,@JetBlue probably not anymore.,usertoken probably not anymore,Delta,0.6588
Word2Vec + BiLSTM Attention,negative,@united Currently on standby to Lax then it is a 2 hour ride to Palm Springs. Long day starting at a snowy 3:30 am in philly.,usertoken currently on standby to lax then it is a numbertoken hour ride to palm springs long day starting at a snowy numbertoken numbertoken am in philly,United,1.0
Word2Vec + BiLSTM Attention,negative,@united I need a customer service manager to contact me please,usertoken i need a customer service manager to contact me please,United,0.6204
Word2Vec + BiLSTM Attention,positive,@JetBlue oh. Makes sense. My bad.,usertoken oh makes sense my bad,Delta,0.3363
Word2Vec + BiLSTM Attention,negative,@united it sucks not having the money to book a flight to see the love of my life. 2600 miles away.,usertoken it sucks not having the money to book a flight to see the love of my life numbertoken miles away,United,0.6768
Word2Vec + BiLSTM Attention,positive,"@united Okay, thank you both.",usertoken okay thank you both,United,0.6862
Word2Vec + BiLSTM Attention,positive,@JetBlue so yesterday a flight I wanted to Chicago was on sale within my points range and today it isn't. Any way you guys can still honor,usertoken so yesterday a flight i wanted to chicago was on sale within my points range and today it is not any way you guys can still honor,Delta,0.6472
Word2Vec + BiLSTM Attention,negative,@united I got an email from cust. care for an issue I had offering me a voucher. How do I claim that? I emailed back but got no reply. DM me,usertoken i got an email from cust care for an issue i had offering me a voucher how do i claim that i emailed back but got no reply dm me,United,0.6733
Word2Vec + BiLSTM Attention,negative,"@JetBlue if my flight says delayed with estimated departure listed, can I arrive at airport Late Flightr?",usertoken if my flight says delayed with estimated departure listed can i arrive at airport late flightr,Delta,1.0
